model,mae,rmse,calibration_error
PoissonRegressor,9.596808344121984,16.057363901775545,9.200790838830748
HistGradientBoostingRegressor,15.678841427415563,32.16435733712804,15.540770424555737
